Component,Explained_variance,Cumulative
PC1,0.30059782728356665,0.30059782728356665
PC2,0.17913021724141734,0.47972804452498397
PC3,0.09184289721982744,0.5715709417448114
PC4,0.07141703470405299,0.6429879764488644
PC5,0.0668709361093826,0.7098589125582471
PC6,0.05142632482655152,0.7612852373847986
PC7,0.03278707896549424,0.7940723163502929
PC8,0.030365493650193563,0.8244378100004864
PC9,0.025027927175248245,0.8494657371757347
PC10,0.02205757640860927,0.871523313584344
