Category,Best_Test_MAE,Improvement_vs_Baseline_pct
Baseline Mean Predictor,4.134955549529096,0.0
Linear,3.190079755037477,22.85092991142855
Tree,3.0798487105433208,25.516763755923193
Boosting,3.0651136332774485,25.87311770191786
Ensemble,3.060975957655908,25.973183484293966
