Train_size,Train_MAE,Val_MAE,Train_MAE_std,Val_MAE_std
850,11.703627935014936,41.710741595422405,6.513557719723736,23.64332820336254
1944,15.658690697339324,42.896640033029065,3.5902722322183998,7.371265126707592
3037,20.947173962256574,50.03464022269984,0.775634100257879,2.4635511715854914
4131,24.12193916906465,51.86035950641193,3.069574032388925,7.2963075493542755
5224,25.450126218511304,47.41393212183539,4.738294461886745,7.288980227535971
6318,24.639783504481517,43.31283517676368,4.070511585391011,3.7939909188590932
7411,23.700755467330836,40.26590765672469,3.8875563917301053,1.9650829627368456
8505,23.475178899674365,37.727344343074314,3.3449119655391573,1.861584110971304
