MAE,RMSE,R2,MAPE,Bias,N,Model,Split
35.51132003097044,129.9700570129704,-0.03582406465729315,52.732587340936185,0.20672827794733686,2552,LightGBM,Random
29.966151075576626,128.13021831841507,-0.006705658873658704,39.76483197673074,-0.8165016286628938,2552,CatBoost,Random
35.580028454487596,133.32162593604184,-0.08993495413488262,53.5708782351511,3.89535636954173,2552,XGBoost,Random
