MAE,RMSE,R2,MAPE,Bias,N,Split,Feature_set
35.51132003097044,129.9700570129704,-0.03582406465729315,52.732587340936185,0.20672827794733686,2552,Random,LeakageFree_A
22.06929637490138,35.15732307204011,-17.763548865833528,52.21116000055848,14.18123784337047,2509,Random_TTT_lt_120,LeakageFree_A
36.399769888373505,105.56634581306072,-0.1333267517802963,63.78146310846161,7.343599693025004,2552,Temporal,LeakageFree_A
26.42823843347159,42.91952995697562,-28.10887272581999,63.49787192500072,18.062268106268213,2509,Temporal_TTT_lt_120,LeakageFree_A
3.2737957249607734,4.541089674800895,0.2733642584358039,8.229660041786929,-0.15467409462532727,2421,Random,LeakageFree_on_P16_normal_cohort
